{"cameraMode":{"drawMode":0,"name":"Shaded","section":"Shading Mode"},"sceneLighting":true,"audioPlay":false,"sceneViewState":{"m_AlwaysRefresh":false,"showFog":true,"showSkybox":true,"showFlares":true,"showImageEffects":true,"showParticleSystems":true,"showVisualEffectGraphs":true,"m_FxEnabled":true},"in2DMode":false,"pivot":{"x":0.0518377423286438,"y":-0.6601240634918213,"z":2.6052818298339845},"rotation":{"x":0.3175845742225647,"y":-0.03412652015686035,"z":0.011437916196882725,"w":0.947547972202301},"size":3.5660252571105959,"orthographic":false}